loan_id,loan_date,campus,item_category
L001,2026-09-01,StPaul,laptop
L002,2026-09-01,Online,camera
L003,2026-09-02,Tucson,projector
L004,2026-09-02,Minneapolis,laptop
L005,2026-09-03,StPaul,camera
L006,2026-09-03,Online,laptop
L007,2026-09-04,Tucson,projector
L008,2026-09-04,Minneapolis,laptop
L009,2026-09-05,StPaul,camera
L010,2026-09-05,Online,laptop
L011,2026-09-06,Tucson,projector
L012,2026-09-06,Minneapolis,laptop
L013,2026-09-01,StPaul,laptop
L014,2026-09-01,Online,camera
L015,2026-09-02,Tucson,projector
L016,2026-09-02,Minneapolis,laptop
L017,2026-09-03,StPaul,camera
L018,2026-09-03,Online,laptop
L019,2026-09-04,Tucson,projector
L020,2026-09-04,Minneapolis,laptop
L021,2026-09-05,StPaul,camera
L022,2026-09-05,Online,laptop
L023,2026-09-06,Tucson,projector
L024,2026-09-06,Minneapolis,laptop
L025,2026-09-01,StPaul,laptop
L026,2026-09-01,Online,camera
L027,2026-09-02,Tucson,projector
L028,2026-09-02,Minneapolis,laptop
L029,2026-09-03,StPaul,camera
L030,2026-09-03,Online,laptop
L031,2026-09-04,Tucson,projector
L032,2026-09-04,Minneapolis,laptop
L033,2026-09-05,StPaul,camera
L034,2026-09-05,Online,laptop
L035,2026-09-06,Tucson,projector
L036,2026-09-06,Minneapolis,laptop
L037,2026-09-01,StPaul,laptop
L038,2026-09-01,Online,camera
L039,2026-09-02,Tucson,projector
L040,2026-09-02,Minneapolis,laptop